Retain ROUGE,Retain Probability,Retain Truth Ratio,Real Authors ROUGE,Real Authors Probability,Real Authors Truth Ratio,Real World ROUGE,Real World Probability,Real World Truth Ratio,Forget ROUGE,Forget Probability,Forget Truth Ratio,Model Utility,Forget Quality,KS Test PVal Forget,KS Test Forget
0.8531490696454803,0.9217328993382758,0.4929544482446975,0.8740000000000001,0.5151233332530959,0.6718880483684623,0.8945868945868946,0.47464554785642565,0.6398827095814983,0.5073164852990303,0.8059332581666185,0.5355753416262733,0.6594917468458688,0.0009085153644073595,0.0009085153644073595,0.3233333333333333
